Carimbo de data/hora,Nome Completo,Nome completo ,Idade  , Gênero  ,E-mail,  Avaliação física realizada?  ,Qual seu principal objetivo com os treinos?,  Qual seu plano atual?  ,  Data de início do plano:  ,  Frequência semanal estimada (vezes por semana),Em qual turno você costuma treinar?,  Quais aulas coletivas você costuma frequentar?  ,Você gostaria de receber uma sugestão de treino orientado com base nas suas respostas?,  Que tipo de treino você costuma fazer por conta própria?  ,Status de envio
14/06/2025 00:31:48,,Manoela Dias Ferraz,18,Feminino,janak63994@forcrack.com,Sim,Ganho de massa muscular,Mensal,12/11/2024,3,Manhã (06h às 12h),LOCAL (Seg 07:00 / Sex 06:15),Sim,Musculação,Enviado
14/06/2025 00:44:45,,Hanaly Almeida Santos,27,Feminino,hanafi7617@uorak.com,Sim,Perda de gordura corporal,Anual,07/08/2023,4,Noite (17h às 22h),"ABDOMINAL (Seg 19:30 / Qua 07:45 e 19:30), BIKE INDOOR (Seg, Qua, Qui – 18:00 ou 19:00 / Ter – 19:00), MUAY THAI (Ter, Qui, Sex – 20:00 / Sex – 18:00)",Sim,"Cardio (esteira, bike, escada)",Enviado
14/06/2025 16:49:28,,Miguel,24,Masculino,migueldesantanadas@gmail.com,Não,Ganho de massa muscular,Anual,01/06/2025,5,Noite (17h às 22h),"MUAY THAI (Ter, Qui, Sex – 20:00 / Sex – 18:00), JIU-JITSU (Seg, Qua, Sex – 20:00)",Sim,"Cardio (esteira, bike, escada), Treino livre com peso do corpo",Enviado
15/06/2025 14:40:55,,Rafaela da Cruz,22,Feminino,duardaoliveira@moura.com,Sim,Ganho de massa muscular,Anual,16/02/2023,4,Manhã (06h às 12h),"GAP (Qua 06:15), HIIT (Seg 07:45 e 19:00 / Qua 19:00 / Sex 07:45)",Sim,"Cardio (esteira, bike, escada), Funcional, Treino livre com peso do corpo",Enviado
15/06/2025 14:42:48,, Kaique Silveira,18,Masculino,kaique@bol.com.br,Sim,Perda de gordura corporal,Anual,15/06/2025,4,Tarde (12h às 17h),"MUAY THAI (Ter, Qui, Sex – 20:00 / Sex – 18:00)",Sim,"Musculação, Funcional, Alongamento, Personal / Treino individual",Enviado
14/06/2025 00:31:48,,Camila Cardoso,50,Feminino,camilacardoso37@exemplo.com,Sim,Ganho de massa muscular,Octomestral,06/12/2024,5,Noite (17h às 22h),"ALONGAMENTO (Seg, Qua, Sex – 08:30)",Sim,"Personal / Treino individual, Funcional",Enviado
14/06/2025 00:32:48,,Renata Lima,48,Feminino,renatalima10@exemplo.com,Sim,Perda de gordura corporal,Mensal,06/12/2024,6,Noite (17h às 22h),"LOCAL (Seg 07:00 / Sex 06:15), GLÚTEO (Ter e Qui – 18:00)",Sim,Personal / Treino individual,Enviado
14/06/2025 00:33:48,,Kelly Machado,36,Feminino,kellymachado34@exemplo.com,Sim,Ganho de massa muscular,Anual,10/12/2024,6,Noite (17h às 22h),"JIU-JITSU (Seg, Qua, Sex – 20:00), STEP (Seg 06:15 / Sex 07:00), JUMP (Qua 07:00)",Sim,"Cardio (esteira, bike, escada), Musculação",Enviado
14/06/2025 00:34:48,,Cristiane Moura,41,Feminino,cristianemoura62@exemplo.com,Sim,Perda de gordura corporal,Mensal,01/12/2024,3,Noite (17h às 22h),GAP (Qua 06:15),Sim,"Funcional, Musculação",Enviado
14/06/2025 00:35:48,,Bianca Duarte,39,Feminino,biancaduarte30@exemplo.com,Sim,Manutenção / condicionamento físico,Octomestral,02/12/2024,6,Noite (17h às 22h),"HIIT (Seg 07:45 e 19:00 / Qua 19:00 / Sex 07:45), JIU-JITSU (Seg, Qua, Sex – 20:00)",Sim,"Personal / Treino individual, Cardio (esteira, bike, escada)",Enviado
14/06/2025 00:36:48,,Juliana Fernandes,32,Feminino,julianafernandes15@exemplo.com,Sim,Perda de gordura corporal,Quadrimestral,04/12/2024,4,Noite (17h às 22h),STEP (Seg 06:15 / Sex 07:00),Sim,"Treino livre com peso do corpo, Musculação",Enviado
14/06/2025 00:37:48,,Vanessa Martins,50,Feminino,vanessamartins74@exemplo.com,Sim,Ganho de massa muscular,Octomestral,09/12/2024,6,Noite (17h às 22h),"ALONGAMENTO (Seg, Qua, Sex – 08:30), MUAY THAI (Ter, Qui, Sex – 20:00 / Sex – 18:00), STEP (Seg 06:15 / Sex 07:00)",Sim,Musculação,Enviado
14/06/2025 00:38:48,,Larissa Nogueira,38,Feminino,larissanogueira98@exemplo.com,Sim,Perda de gordura corporal,Quadrimestral,13/11/2024,4,Noite (17h às 22h),"JUMP (Qua 07:00), ABDOMINAL (Seg 19:30 / Qua 07:45 e 19:30)",Sim,Alongamento,Enviado
14/06/2025 00:39:48,,Renata Lima,49,Feminino,renatalima27@exemplo.com,Sim,Perda de gordura corporal,Quadrimestral,25/11/2024,3,Noite (17h às 22h),"ABDOMINAL (Seg 19:30 / Qua 07:45 e 19:30), MUAY THAI (Ter, Qui, Sex – 20:00 / Sex – 18:00), ALONGAMENTO (Seg, Qua, Sex – 08:30)",Sim,"Cardio (esteira, bike, escada), Musculação",Enviado
14/06/2025 00:40:48,,Fernanda Ribeiro,43,Feminino,fernandaribeiro97@exemplo.com,Sim,Manutenção / condicionamento físico,Quadrimestral,12/12/2024,3,Noite (17h às 22h),"JIU-JITSU (Seg, Qua, Sex – 20:00), STEP (Seg 06:15 / Sex 07:00)",Sim,"Funcional, Cardio (esteira, bike, escada)",Enviado
14/06/2025 00:41:48,,Fernanda Ribeiro,41,Feminino,fernandaribeiro91@exemplo.com,Sim,Perda de gordura corporal,Anual,12/11/2024,5,Noite (17h às 22h),"JIU-JITSU (Seg, Qua, Sex – 20:00), STEP (Seg 06:15 / Sex 07:00), BIKE INDOOR (Seg, Qua, Qui – 18:00 ou 19:00 / Ter – 19:00)",Sim,Musculação,Enviado
14/06/2025 00:42:48,,Juliana Fernandes,35,Feminino,julianafernandes61@exemplo.com,Sim,Ganho de massa muscular,Mensal,14/11/2024,3,Noite (17h às 22h),"MUAY THAI (Ter, Qui, Sex – 20:00 / Sex – 18:00), ABDOMINAL (Seg 19:30 / Qua 07:45 e 19:30)",Sim,"Cardio (esteira, bike, escada)",Enviado
14/06/2025 00:43:48,,Natália Campos,48,Feminino,natáliacampos29@exemplo.com,Sim,Ganho de massa muscular,Mensal,04/12/2024,4,Noite (17h às 22h),"LOCAL (Seg 07:00 / Sex 06:15), STEP (Seg 06:15 / Sex 07:00)",Sim,Treino livre com peso do corpo,Enviado
14/06/2025 00:44:48,,Fernanda Ribeiro,44,Feminino,fernandaribeiro55@exemplo.com,Sim,Manutenção / condicionamento físico,Octomestral,06/12/2024,5,Noite (17h às 22h),"GAP (Qua 06:15), LOCAL (Seg 07:00 / Sex 06:15), JUMP (Qua 07:00)",Sim,"Personal / Treino individual, Cardio (esteira, bike, escada)",Enviado
14/06/2025 00:45:48,,Renata Lima,43,Feminino,renatalima53@exemplo.com,Sim,Perda de gordura corporal,Octomestral,11/12/2024,5,Noite (17h às 22h),"ALONGAMENTO (Seg, Qua, Sex – 08:30), BIKE INDOOR (Seg, Qua, Qui – 18:00 ou 19:00 / Ter – 19:00), STEP (Seg 06:15 / Sex 07:00)",Sim,"Funcional, Personal / Treino individual",Enviado
14/06/2025 00:46:48,,Kelly Machado,33,Feminino,kellymachado73@exemplo.com,Sim,Perda de gordura corporal,Mensal,13/11/2024,6,Noite (17h às 22h),GLÚTEO (Ter e Qui – 18:00),Sim,Personal / Treino individual,Enviado
14/06/2025 00:47:48,,Renata Lima,40,Feminino,renatalima86@exemplo.com,Sim,Manutenção / condicionamento físico,Anual,20/11/2024,4,Noite (17h às 22h),GLÚTEO (Ter e Qui – 18:00),Sim,Funcional,Enviado
14/06/2025 00:48:48,,Juliana Fernandes,43,Feminino,julianafernandes97@exemplo.com,Sim,Manutenção / condicionamento físico,Mensal,01/12/2024,6,Noite (17h às 22h),"LOCAL (Seg 07:00 / Sex 06:15), STEP (Seg 06:15 / Sex 07:00), JUMP (Qua 07:00)",Sim,Funcional,Enviado
14/06/2025 00:49:48,,Carolina Vasconcelos,34,Feminino,carolinavasconcelos97@exemplo.com,Sim,Manutenção / condicionamento físico,Anual,16/11/2024,6,Noite (17h às 22h),"ALONGAMENTO (Seg, Qua, Sex – 08:30), BIKE INDOOR (Seg, Qua, Qui – 18:00 ou 19:00 / Ter – 19:00), MUAY THAI (Ter, Qui, Sex – 20:00 / Sex – 18:00)",Sim,"Funcional, Musculação",Enviado
14/06/2025 00:50:48,,Daniela Costa,32,Feminino,danielacosta88@exemplo.com,Sim,Manutenção / condicionamento físico,Octomestral,13/11/2024,6,Noite (17h às 22h),"HIIT (Seg 07:45 e 19:00 / Qua 19:00 / Sex 07:45), JIU-JITSU (Seg, Qua, Sex – 20:00), BIKE INDOOR (Seg, Qua, Qui – 18:00 ou 19:00 / Ter – 19:00)",Sim,"Cardio (esteira, bike, escada), Funcional",Enviado
14/06/2025 00:51:48,,Kelly Machado,43,Feminino,kellymachado99@exemplo.com,Sim,Ganho de massa muscular,Anual,22/11/2024,4,Noite (17h às 22h),"LOCAL (Seg 07:00 / Sex 06:15), GAP (Qua 06:15), GLÚTEO (Ter e Qui – 18:00)",Sim,"Cardio (esteira, bike, escada)",Enviado
14/06/2025 00:52:48,,Natália Campos,34,Feminino,natáliacampos66@exemplo.com,Sim,Perda de gordura corporal,Quadrimestral,12/12/2024,4,Noite (17h às 22h),STEP (Seg 06:15 / Sex 07:00),Sim,"Treino livre com peso do corpo, Musculação",Enviado
14/06/2025 00:53:48,,Larissa Nogueira,47,Feminino,larissanogueira25@exemplo.com,Sim,Perda de gordura corporal,Octomestral,05/12/2024,5,Noite (17h às 22h),"LOCAL (Seg 07:00 / Sex 06:15), ALONGAMENTO (Seg, Qua, Sex – 08:30)",Sim,Alongamento,Enviado
14/06/2025 00:54:48,,Renata Lima,49,Feminino,renatalima23@exemplo.com,Sim,Perda de gordura corporal,Octomestral,01/12/2024,6,Noite (17h às 22h),"MUAY THAI (Ter, Qui, Sex – 20:00 / Sex – 18:00), ABDOMINAL (Seg 19:30 / Qua 07:45 e 19:30)",Sim,Musculação,Enviado
14/06/2025 00:55:48,,Larissa Nogueira,50,Feminino,larissanogueira47@exemplo.com,Sim,Manutenção / condicionamento físico,Mensal,05/12/2024,5,Noite (17h às 22h),"BIKE INDOOR (Seg, Qua, Qui – 18:00 ou 19:00 / Ter – 19:00), LOCAL (Seg 07:00 / Sex 06:15), HIIT (Seg 07:45 e 19:00 / Qua 19:00 / Sex 07:45)",Sim,"Cardio (esteira, bike, escada)",Enviado
14/06/2025 00:56:48,,Tatiane Almeida,31,Feminino,tatianealmeida65@exemplo.com,Sim,Manutenção / condicionamento físico,Octomestral,29/11/2024,4,Noite (17h às 22h),"GLÚTEO (Ter e Qui – 18:00), HIIT (Seg 07:45 e 19:00 / Qua 19:00 / Sex 07:45)",Sim,"Cardio (esteira, bike, escada)",Enviado
14/06/2025 00:57:48,,Larissa Nogueira,38,Feminino,larissanogueira51@exemplo.com,Sim,Manutenção / condicionamento físico,Anual,04/12/2024,3,Noite (17h às 22h),"GAP (Qua 06:15), ALONGAMENTO (Seg, Qua, Sex – 08:30)",Sim,"Personal / Treino individual, Musculação",Enviado
14/06/2025 00:58:48,,Elaine Pires,32,Feminino,elainepires15@exemplo.com,Sim,Ganho de massa muscular,Quadrimestral,02/12/2024,4,Noite (17h às 22h),"STEP (Seg 06:15 / Sex 07:00), LOCAL (Seg 07:00 / Sex 06:15), JUMP (Qua 07:00)",Sim,"Alongamento, Treino livre com peso do corpo",Enviado
14/06/2025 00:59:48,,Kelly Machado,49,Feminino,kellymachado54@exemplo.com,Sim,Ganho de massa muscular,Quadrimestral,26/11/2024,3,Noite (17h às 22h),GAP (Qua 06:15),Sim,"Cardio (esteira, bike, escada), Funcional",Enviado
14/06/2025 01:00:48,,Patrícia Souza,39,Feminino,patríciasouza33@exemplo.com,Sim,Ganho de massa muscular,Quadrimestral,28/11/2024,3,Noite (17h às 22h),"JIU-JITSU (Seg, Qua, Sex – 20:00), STEP (Seg 06:15 / Sex 07:00)",Sim,"Alongamento, Cardio (esteira, bike, escada)",Enviado
14/06/2025 01:01:48,,Daniela Costa,34,Feminino,danielacosta87@exemplo.com,Sim,Ganho de massa muscular,Anual,15/11/2024,6,Noite (17h às 22h),GLÚTEO (Ter e Qui – 18:00),Sim,Musculação,Enviado
14/06/2025 01:02:48,,Bianca Duarte,36,Feminino,biancaduarte19@exemplo.com,Sim,Perda de gordura corporal,Octomestral,08/12/2024,6,Noite (17h às 22h),"ABDOMINAL (Seg 19:30 / Qua 07:45 e 19:30), GAP (Qua 06:15)",Sim,"Alongamento, Personal / Treino individual",Enviado
14/06/2025 01:03:48,,Renata Lima,49,Feminino,renatalima67@exemplo.com,Sim,Manutenção / condicionamento físico,Anual,27/11/2024,4,Noite (17h às 22h),"JIU-JITSU (Seg, Qua, Sex – 20:00), ABDOMINAL (Seg 19:30 / Qua 07:45 e 19:30), STEP (Seg 06:15 / Sex 07:00)",Sim,"Musculação, Cardio (esteira, bike, escada)",Enviado
14/06/2025 01:04:48,,Natália Campos,48,Feminino,natáliacampos69@exemplo.com,Sim,Manutenção / condicionamento físico,Anual,30/11/2024,3,Noite (17h às 22h),"GAP (Qua 06:15), BIKE INDOOR (Seg, Qua, Qui – 18:00 ou 19:00 / Ter – 19:00), JUMP (Qua 07:00)",Sim,"Musculação, Treino livre com peso do corpo",Enviado
14/06/2025 01:05:48,,Daniela Costa,49,Feminino,danielacosta59@exemplo.com,Sim,Perda de gordura corporal,Anual,06/12/2024,5,Noite (17h às 22h),"JIU-JITSU (Seg, Qua, Sex – 20:00)",Sim,"Personal / Treino individual, Alongamento",Enviado
14/06/2025 01:06:48,,Renata Lima,49,Feminino,renatalima50@exemplo.com,Sim,Perda de gordura corporal,Mensal,30/11/2024,4,Noite (17h às 22h),"STEP (Seg 06:15 / Sex 07:00), GAP (Qua 06:15), ABDOMINAL (Seg 19:30 / Qua 07:45 e 19:30)",Sim,"Treino livre com peso do corpo, Funcional",Enviado
14/06/2025 01:07:48,,Elaine Pires,45,Feminino,elainepires82@exemplo.com,Sim,Perda de gordura corporal,Octomestral,09/12/2024,5,Noite (17h às 22h),"BIKE INDOOR (Seg, Qua, Qui – 18:00 ou 19:00 / Ter – 19:00), LOCAL (Seg 07:00 / Sex 06:15)",Sim,Personal / Treino individual,Enviado
14/06/2025 01:08:48,,Mariana Lopes,47,Feminino,marianalopes64@exemplo.com,Sim,Manutenção / condicionamento físico,Octomestral,10/12/2024,3,Noite (17h às 22h),LOCAL (Seg 07:00 / Sex 06:15),Sim,Treino livre com peso do corpo,Enviado
14/06/2025 01:09:48,,Renata Lima,44,Feminino,renatalima81@exemplo.com,Sim,Ganho de massa muscular,Quadrimestral,27/11/2024,4,Noite (17h às 22h),JUMP (Qua 07:00),Sim,Alongamento,Enviado
14/06/2025 01:10:48,,Juliana Fernandes,35,Feminino,julianafernandes94@exemplo.com,Sim,Perda de gordura corporal,Quadrimestral,16/11/2024,3,Noite (17h às 22h),GAP (Qua 06:15),Sim,Personal / Treino individual,Enviado
14/06/2025 01:11:48,,Aline Castro,36,Feminino,alinecastro64@exemplo.com,Sim,Manutenção / condicionamento físico,Anual,21/11/2024,6,Noite (17h às 22h),"BIKE INDOOR (Seg, Qua, Qui – 18:00 ou 19:00 / Ter – 19:00)",Sim,Funcional,Enviado
14/06/2025 01:12:48,,Patrícia Souza,40,Feminino,patríciasouza97@exemplo.com,Sim,Perda de gordura corporal,Quadrimestral,01/12/2024,4,Noite (17h às 22h),"JUMP (Qua 07:00), GAP (Qua 06:15), ABDOMINAL (Seg 19:30 / Qua 07:45 e 19:30)",Sim,Alongamento,Enviado
14/06/2025 01:13:48,,Carolina Vasconcelos,32,Feminino,carolinavasconcelos53@exemplo.com,Sim,Manutenção / condicionamento físico,Quadrimestral,24/11/2024,3,Noite (17h às 22h),"JIU-JITSU (Seg, Qua, Sex – 20:00), HIIT (Seg 07:45 e 19:00 / Qua 19:00 / Sex 07:45)",Sim,Personal / Treino individual,Enviado
14/06/2025 01:14:48,,Kelly Machado,47,Feminino,kellymachado98@exemplo.com,Sim,Perda de gordura corporal,Mensal,16/11/2024,3,Noite (17h às 22h),"BIKE INDOOR (Seg, Qua, Qui – 18:00 ou 19:00 / Ter – 19:00), JUMP (Qua 07:00), JIU-JITSU (Seg, Qua, Sex – 20:00)",Sim,Treino livre com peso do corpo,Enviado
14/06/2025 01:15:48,,Mariana Lopes,45,Feminino,marianalopes22@exemplo.com,Sim,Ganho de massa muscular,Anual,15/11/2024,5,Noite (17h às 22h),"ABDOMINAL (Seg 19:30 / Qua 07:45 e 19:30), STEP (Seg 06:15 / Sex 07:00)",Sim,"Personal / Treino individual, Cardio (esteira, bike, escada)",Enviado
14/06/2025 01:16:48,,Fernanda Ribeiro,41,Feminino,fernandaribeiro62@exemplo.com,Sim,Ganho de massa muscular,Octomestral,26/11/2024,3,Noite (17h às 22h),GAP (Qua 06:15),Sim,"Personal / Treino individual, Alongamento",Enviado
14/06/2025 01:17:48,,Fernanda Ribeiro,46,Feminino,fernandaribeiro95@exemplo.com,Sim,Ganho de massa muscular,Quadrimestral,20/11/2024,5,Noite (17h às 22h),ABDOMINAL (Seg 19:30 / Qua 07:45 e 19:30),Sim,Alongamento,Enviado
14/06/2025 01:18:48,,Aline Castro,37,Feminino,alinecastro24@exemplo.com,Sim,Ganho de massa muscular,Mensal,11/12/2024,6,Noite (17h às 22h),"ALONGAMENTO (Seg, Qua, Sex – 08:30), GAP (Qua 06:15)",Sim,Musculação,Enviado
14/06/2025 01:19:48,,Cristiane Moura,37,Feminino,cristianemoura65@exemplo.com,Sim,Perda de gordura corporal,Quadrimestral,04/12/2024,6,Noite (17h às 22h),"HIIT (Seg 07:45 e 19:00 / Qua 19:00 / Sex 07:45), ALONGAMENTO (Seg, Qua, Sex – 08:30), GLÚTEO (Ter e Qui – 18:00)",Sim,Funcional,Enviado
14/06/2025 01:20:48,,Tatiane Almeida,35,Feminino,tatianealmeida70@exemplo.com,Sim,Manutenção / condicionamento físico,Quadrimestral,23/11/2024,3,Noite (17h às 22h),"ALONGAMENTO (Seg, Qua, Sex – 08:30), JUMP (Qua 07:00)",Sim,"Alongamento, Musculação",Enviado
14/06/2025 01:21:48,,Aline Castro,41,Feminino,alinecastro84@exemplo.com,Sim,Perda de gordura corporal,Mensal,01/12/2024,4,Noite (17h às 22h),"ABDOMINAL (Seg 19:30 / Qua 07:45 e 19:30), HIIT (Seg 07:45 e 19:00 / Qua 19:00 / Sex 07:45)",Sim,"Musculação, Personal / Treino individual",Enviado
14/06/2025 01:22:48,,Cristiane Moura,34,Feminino,cristianemoura57@exemplo.com,Sim,Perda de gordura corporal,Quadrimestral,14/11/2024,6,Noite (17h às 22h),"ALONGAMENTO (Seg, Qua, Sex – 08:30), HIIT (Seg 07:45 e 19:00 / Qua 19:00 / Sex 07:45), GLÚTEO (Ter e Qui – 18:00)",Sim,Treino livre com peso do corpo,Enviado
14/06/2025 01:23:48,,Carolina Vasconcelos,41,Feminino,carolinavasconcelos47@exemplo.com,Sim,Perda de gordura corporal,Mensal,30/11/2024,5,Noite (17h às 22h),"MUAY THAI (Ter, Qui, Sex – 20:00 / Sex – 18:00), LOCAL (Seg 07:00 / Sex 06:15)",Sim,Musculação,Enviado
14/06/2025 01:24:48,,Mariana Lopes,44,Feminino,marianalopes23@exemplo.com,Sim,Manutenção / condicionamento físico,Quadrimestral,10/12/2024,6,Noite (17h às 22h),"ALONGAMENTO (Seg, Qua, Sex – 08:30)",Sim,"Musculação, Cardio (esteira, bike, escada)",Enviado
14/06/2025 01:25:48,,Kelly Machado,36,Feminino,kellymachado20@exemplo.com,Sim,Manutenção / condicionamento físico,Anual,06/12/2024,3,Noite (17h às 22h),"ABDOMINAL (Seg 19:30 / Qua 07:45 e 19:30), ALONGAMENTO (Seg, Qua, Sex – 08:30)",Sim,"Musculação, Alongamento",Enviado
14/06/2025 01:26:48,,Vanessa Martins,45,Feminino,vanessamartins63@exemplo.com,Sim,Ganho de massa muscular,Quadrimestral,12/11/2024,3,Noite (17h às 22h),"MUAY THAI (Ter, Qui, Sex – 20:00 / Sex – 18:00), HIIT (Seg 07:45 e 19:00 / Qua 19:00 / Sex 07:45), ABDOMINAL (Seg 19:30 / Qua 07:45 e 19:30)",Sim,Treino livre com peso do corpo,Enviado
14/06/2025 01:27:48,,Paula Rocha,40,Feminino,paularocha11@exemplo.com,Sim,Ganho de massa muscular,Quadrimestral,16/11/2024,5,Noite (17h às 22h),"JIU-JITSU (Seg, Qua, Sex – 20:00), HIIT (Seg 07:45 e 19:00 / Qua 19:00 / Sex 07:45)",Sim,Musculação,Enviado
14/06/2025 01:28:48,,Adriana Teixeira,33,Feminino,adrianateixeira73@exemplo.com,Sim,Perda de gordura corporal,Quadrimestral,27/11/2024,6,Noite (17h às 22h),"HIIT (Seg 07:45 e 19:00 / Qua 19:00 / Sex 07:45), ALONGAMENTO (Seg, Qua, Sex – 08:30)",Sim,"Alongamento, Treino livre com peso do corpo",Enviado
14/06/2025 01:29:48,,Aline Castro,42,Feminino,alinecastro50@exemplo.com,Sim,Manutenção / condicionamento físico,Octomestral,30/11/2024,6,Noite (17h às 22h),ABDOMINAL (Seg 19:30 / Qua 07:45 e 19:30),Sim,"Cardio (esteira, bike, escada)",Enviado
14/06/2025 01:30:48,,Tatiane Almeida,34,Feminino,tatianealmeida90@exemplo.com,Sim,Ganho de massa muscular,Octomestral,02/12/2024,5,Noite (17h às 22h),"GLÚTEO (Ter e Qui – 18:00), ALONGAMENTO (Seg, Qua, Sex – 08:30), GAP (Qua 06:15)",Sim,"Treino livre com peso do corpo, Personal / Treino individual",Enviado
14/06/2025 01:31:48,,Aline Castro,40,Feminino,alinecastro52@exemplo.com,Sim,Manutenção / condicionamento físico,Quadrimestral,01/12/2024,4,Noite (17h às 22h),GLÚTEO (Ter e Qui – 18:00),Sim,"Cardio (esteira, bike, escada), Personal / Treino individual",Enviado
14/06/2025 01:32:48,,Daniela Costa,37,Feminino,danielacosta95@exemplo.com,Sim,Perda de gordura corporal,Quadrimestral,19/11/2024,6,Noite (17h às 22h),"ABDOMINAL (Seg 19:30 / Qua 07:45 e 19:30), ALONGAMENTO (Seg, Qua, Sex – 08:30), MUAY THAI (Ter, Qui, Sex – 20:00 / Sex – 18:00)",Sim,Musculação,Enviado
14/06/2025 01:33:48,,Camila Cardoso,40,Feminino,camilacardoso78@exemplo.com,Sim,Perda de gordura corporal,Quadrimestral,30/11/2024,4,Noite (17h às 22h),"MUAY THAI (Ter, Qui, Sex – 20:00 / Sex – 18:00), JUMP (Qua 07:00)",Sim,"Musculação, Cardio (esteira, bike, escada)",Enviado
14/06/2025 01:34:48,,Patrícia Souza,33,Feminino,patríciasouza97@exemplo.com,Sim,Perda de gordura corporal,Mensal,05/12/2024,4,Noite (17h às 22h),"GLÚTEO (Ter e Qui – 18:00), LOCAL (Seg 07:00 / Sex 06:15), ABDOMINAL (Seg 19:30 / Qua 07:45 e 19:30)",Sim,"Funcional, Treino livre com peso do corpo",Enviado
14/06/2025 01:35:48,,Vanessa Martins,50,Feminino,vanessamartins14@exemplo.com,Sim,Perda de gordura corporal,Anual,11/12/2024,3,Noite (17h às 22h),JUMP (Qua 07:00),Sim,"Alongamento, Personal / Treino individual",Enviado
14/06/2025 01:36:48,,Mariana Lopes,44,Feminino,marianalopes58@exemplo.com,Sim,Ganho de massa muscular,Octomestral,06/12/2024,6,Noite (17h às 22h),"LOCAL (Seg 07:00 / Sex 06:15), ALONGAMENTO (Seg, Qua, Sex – 08:30), ABDOMINAL (Seg 19:30 / Qua 07:45 e 19:30)",Sim,"Treino livre com peso do corpo, Cardio (esteira, bike, escada)",Enviado
14/06/2025 01:37:48,,Aline Castro,31,Feminino,alinecastro61@exemplo.com,Sim,Manutenção / condicionamento físico,Anual,18/11/2024,4,Noite (17h às 22h),JUMP (Qua 07:00),Sim,"Alongamento, Funcional",Enviado
14/06/2025 01:38:48,,Bianca Duarte,47,Feminino,biancaduarte39@exemplo.com,Sim,Ganho de massa muscular,Quadrimestral,26/11/2024,4,Noite (17h às 22h),HIIT (Seg 07:45 e 19:00 / Qua 19:00 / Sex 07:45),Sim,"Cardio (esteira, bike, escada)",Enviado
14/06/2025 01:39:48,,Kelly Machado,34,Feminino,kellymachado95@exemplo.com,Sim,Ganho de massa muscular,Octomestral,25/11/2024,3,Noite (17h às 22h),HIIT (Seg 07:45 e 19:00 / Qua 19:00 / Sex 07:45),Sim,"Treino livre com peso do corpo, Cardio (esteira, bike, escada)",Enviado
14/06/2025 01:40:48,,Carolina Vasconcelos,45,Feminino,carolinavasconcelos33@exemplo.com,Sim,Perda de gordura corporal,Quadrimestral,13/11/2024,4,Noite (17h às 22h),"HIIT (Seg 07:45 e 19:00 / Qua 19:00 / Sex 07:45), JUMP (Qua 07:00)",Sim,Musculação,Enviado
14/06/2025 01:41:48,,Natália Campos,44,Feminino,natáliacampos60@exemplo.com,Sim,Perda de gordura corporal,Anual,15/11/2024,6,Noite (17h às 22h),"STEP (Seg 06:15 / Sex 07:00), JUMP (Qua 07:00), GAP (Qua 06:15)",Sim,"Cardio (esteira, bike, escada), Personal / Treino individual",Enviado
14/06/2025 01:42:48,,Camila Cardoso,40,Feminino,camilacardoso72@exemplo.com,Sim,Manutenção / condicionamento físico,Anual,27/11/2024,5,Noite (17h às 22h),"ABDOMINAL (Seg 19:30 / Qua 07:45 e 19:30), BIKE INDOOR (Seg, Qua, Qui – 18:00 ou 19:00 / Ter – 19:00), STEP (Seg 06:15 / Sex 07:00)",Sim,"Funcional, Alongamento",Enviado
14/06/2025 01:43:48,,Mariana Lopes,34,Feminino,marianalopes32@exemplo.com,Sim,Perda de gordura corporal,Mensal,24/11/2024,5,Noite (17h às 22h),"GAP (Qua 06:15), JUMP (Qua 07:00)",Sim,"Personal / Treino individual, Treino livre com peso do corpo",Enviado
14/06/2025 01:44:48,,Mariana Lopes,47,Feminino,marianalopes65@exemplo.com,Sim,Ganho de massa muscular,Quadrimestral,09/12/2024,5,Noite (17h às 22h),"HIIT (Seg 07:45 e 19:00 / Qua 19:00 / Sex 07:45), LOCAL (Seg 07:00 / Sex 06:15)",Sim,Treino livre com peso do corpo,Enviado
14/06/2025 01:45:48,,Adriana Teixeira,50,Feminino,adrianateixeira67@exemplo.com,Sim,Manutenção / condicionamento físico,Octomestral,18/11/2024,3,Noite (17h às 22h),GLÚTEO (Ter e Qui – 18:00),Sim,"Treino livre com peso do corpo, Funcional",Enviado
14/06/2025 01:46:48,,Elaine Pires,41,Feminino,elainepires84@exemplo.com,Sim,Perda de gordura corporal,Mensal,01/12/2024,3,Noite (17h às 22h),STEP (Seg 06:15 / Sex 07:00),Sim,"Alongamento, Personal / Treino individual",Enviado
14/06/2025 01:47:48,,Daniela Costa,44,Feminino,danielacosta97@exemplo.com,Sim,Perda de gordura corporal,Octomestral,15/11/2024,5,Noite (17h às 22h),"MUAY THAI (Ter, Qui, Sex – 20:00 / Sex – 18:00), ABDOMINAL (Seg 19:30 / Qua 07:45 e 19:30)",Sim,"Cardio (esteira, bike, escada), Funcional",Enviado
14/06/2025 01:48:48,,Patrícia Souza,44,Feminino,patríciasouza91@exemplo.com,Sim,Manutenção / condicionamento físico,Quadrimestral,05/12/2024,6,Noite (17h às 22h),"JIU-JITSU (Seg, Qua, Sex – 20:00)",Sim,"Funcional, Cardio (esteira, bike, escada)",Enviado
14/06/2025 01:49:48,,Adriana Teixeira,39,Feminino,adrianateixeira14@exemplo.com,Sim,Perda de gordura corporal,Octomestral,29/11/2024,4,Noite (17h às 22h),"BIKE INDOOR (Seg, Qua, Qui – 18:00 ou 19:00 / Ter – 19:00)",Sim,"Musculação, Personal / Treino individual",Enviado
14/06/2025 01:50:48,,Mariana Lopes,33,Feminino,marianalopes58@exemplo.com,Sim,Perda de gordura corporal,Mensal,24/11/2024,3,Noite (17h às 22h),"LOCAL (Seg 07:00 / Sex 06:15), GAP (Qua 06:15), MUAY THAI (Ter, Qui, Sex – 20:00 / Sex – 18:00)",Sim,Treino livre com peso do corpo,Enviado
09/06/2025 08:50:30,,Fernanda Pereira,52,Masculino,fernandapereira10@gmail.com,Não,Ganho de massa muscular,Octomestral,03/05/2024,6,Noite (17h às 22h),GAP (Qua 06:15),Sim,Alongamento,Enviado
08/06/2025 21:17:30,,Daniela Almeida,61,Feminino,danielaalmeida88@yahoo.com,Sim,Reabilitação física,Octomestral,07/04/2024,4,Noite (17h às 22h),"MUAY THAI (Ter, Qui, Sex – 20:00 / Sex – 18:00), ALONGAMENTO (Seg, Qua, Sex – 08:30)",Não,Alongamento,Enviado
11/06/2025 01:37:30,,Beatriz Lima,62,Masculino,beatrizlima62@yahoo.com,Não,Ganho de massa muscular,Quadrimestral,10/02/2024,6,Manhã (06h às 12h),"JUMP (Qua 07:00), JIU-JITSU (Seg, Qua, Sex – 20:00)",Não,"Personal / Treino individual, Alongamento",Pendente
10/06/2025 00:15:30,,Juliana Martins,28,Outros,julianamartins99@outlook.com,Sim,Perda de gordura corporal,Quadrimestral,05/01/2024,5,Tarde (12h às 17h),"BIKE INDOOR (Seg, Qua, Qui – 18:00 ou 19:00 / Ter – 19:00), ABDOMINAL (Seg 19:30 / Qua 07:45 e 19:30), MUAY THAI (Ter, Qui, Sex – 20:00 / Sex – 18:00)",Sim,"Musculação, Treino livre com peso do corpo",Pendente
10/06/2025 21:27:30,,Eduardo Almeida,50,Masculino,eduardoalmeida39@outlook.com,Não,Manutenção / condicionamento físico,Octomestral,13/02/2024,6,Noite (17h às 22h),"GAP (Qua 06:15), ABDOMINAL (Seg 19:30 / Qua 07:45 e 19:30), BIKE INDOOR (Seg, Qua, Qui – 18:00 ou 19:00 / Ter – 19:00)",Sim,Musculação,Enviado
10/06/2025 19:18:30,,Fernanda Souza,24,Outros,fernandasouza80@gmail.com,Não,Ganho de massa muscular,Mensal,29/01/2024,2,Manhã (06h às 12h),"JIU-JITSU (Seg, Qua, Sex – 20:00), ALONGAMENTO (Seg, Qua, Sex – 08:30), GLÚTEO (Ter e Qui – 18:00)",Sim,"Outros, Cardio (esteira, bike, escada)",Enviado
12/06/2025 11:24:30,,Gustavo Pereira,41,Masculino,gustavopereira80@hotmail.com,Sim,Manutenção / condicionamento físico,Anual,07/02/2024,6,Manhã (06h às 12h),JUMP (Qua 07:00),Não,Alongamento,Enviado
15/06/2025 05:25:30,,João Santos,19,Outros,joãosantos84@outlook.com,Sim,Ganho de massa muscular,Quadrimestral,07/05/2024,2,Noite (17h às 22h),ABDOMINAL (Seg 19:30 / Qua 07:45 e 19:30),Não,"Treino livre com peso do corpo, Funcional",Pendente
13/06/2025 08:40:30,,Eduardo Santos,19,Feminino,eduardosantos81@gmail.com,Sim,Ganho de massa muscular,Anual,24/04/2024,5,Manhã (06h às 12h),GAP (Qua 06:15),Sim,"Cardio (esteira, bike, escada), Treino livre com peso do corpo",Pendente
09/06/2025 14:31:30,,Rafael Pereira,21,Feminino,rafaelpereira97@gmail.com,Sim,Manutenção / condicionamento físico,Mensal,22/05/2024,4,Noite (17h às 22h),"GLÚTEO (Ter e Qui – 18:00), GAP (Qua 06:15)",Não,"Outros, Cardio (esteira, bike, escada)",Enviado
09/06/2025 19:10:30,,Pedro Oliveira,40,Masculino,pedrooliveira81@hotmail.com,Sim,Manutenção / condicionamento físico,Anual,08/01/2024,5,Tarde (12h às 17h),ABDOMINAL (Seg 19:30 / Qua 07:45 e 19:30),Não,Outros,Enviado
14/06/2025 14:56:30,,Bruno Santos,62,Masculino,brunosantos65@hotmail.com,Não,Reabilitação física,Anual,06/05/2024,2,Noite (17h às 22h),"ALONGAMENTO (Seg, Qua, Sex – 08:30)",Não,Personal / Treino individual,Pendente
12/06/2025 11:56:30,,Thiago Costa,48,Feminino,thiagocosta95@gmail.com,Não,Perda de gordura corporal,Quadrimestral,17/03/2024,6,Manhã (06h às 12h),GLÚTEO (Ter e Qui – 18:00),Não,"Treino livre com peso do corpo, Cardio (esteira, bike, escada)",Pendente
10/06/2025 06:55:30,,Ana Silva,21,Outros,anasilva83@outlook.com,Sim,Manutenção / condicionamento físico,Mensal,18/01/2024,3,Manhã (06h às 12h),"STEP (Seg 06:15 / Sex 07:00), MUAY THAI (Ter, Qui, Sex – 20:00 / Sex – 18:00)",Não,"Alongamento, Personal / Treino individual",Enviado
15/06/2025 09:59:30,,Carlos Silva,36,Masculino,carlossilva40@hotmail.com,Sim,Perda de gordura corporal,Mensal,17/01/2024,6,Noite (17h às 22h),"MUAY THAI (Ter, Qui, Sex – 20:00 / Sex – 18:00)",Não,Personal / Treino individual,Pendente
09/06/2025 11:23:30,,Mariana Santos,54,Masculino,marianasantos91@outlook.com,Sim,Manutenção / condicionamento físico,Quadrimestral,08/04/2024,3,Manhã (06h às 12h),"STEP (Seg 06:15 / Sex 07:00), HIIT (Seg 07:45 e 19:00 / Qua 19:00 / Sex 07:45), ALONGAMENTO (Seg, Qua, Sex – 08:30)",Não,Treino livre com peso do corpo,Pendente
15/06/2025 07:10:30,,Gustavo Lima,64,Masculino,gustavolima91@gmail.com,Sim,Ganho de massa muscular,Mensal,18/04/2024,4,Tarde (12h às 17h),GLÚTEO (Ter e Qui – 18:00),Sim,"Musculação, Cardio (esteira, bike, escada)",Enviado
09/06/2025 02:48:30,,Mariana Almeida,47,Feminino,marianaalmeida46@yahoo.com,Não,Manutenção / condicionamento físico,Mensal,03/01/2024,5,Noite (17h às 22h),"ABDOMINAL (Seg 19:30 / Qua 07:45 e 19:30), LOCAL (Seg 07:00 / Sex 06:15), JIU-JITSU (Seg, Qua, Sex – 20:00)",Sim,Outros,Enviado
14/06/2025 04:37:30,,Carlos Costa,43,Masculino,carloscosta56@gmail.com,Sim,Ganho de massa muscular,Anual,03/06/2024,3,Tarde (12h às 17h),"STEP (Seg 06:15 / Sex 07:00), JUMP (Qua 07:00), BIKE INDOOR (Seg, Qua, Qui – 18:00 ou 19:00 / Ter – 19:00)",Sim,"Alongamento, Personal / Treino individual",Pendente
11/06/2025 09:09:30,,Rafael Gomes,40,Outros,rafaelgomes46@outlook.com,Sim,Perda de gordura corporal,Anual,27/01/2024,4,Manhã (06h às 12h),"ABDOMINAL (Seg 19:30 / Qua 07:45 e 19:30), JUMP (Qua 07:00), GAP (Qua 06:15)",Sim,"Alongamento, Funcional",Pendente
15/06/2025 18:03:30,,João Costa,63,Outros,joãocosta89@outlook.com,Não,Manutenção / condicionamento físico,Octomestral,19/03/2024,6,Manhã (06h às 12h),"MUAY THAI (Ter, Qui, Sex – 20:00 / Sex – 18:00), JIU-JITSU (Seg, Qua, Sex – 20:00)",Não,"Cardio (esteira, bike, escada)",Enviado
11/06/2025 09:56:30,,Ana Souza,23,Feminino,anasouza82@outlook.com,Sim,Perda de gordura corporal,Anual,16/06/2024,5,Tarde (12h às 17h),JUMP (Qua 07:00),Não,"Cardio (esteira, bike, escada)",Enviado
09/06/2025 04:14:30,,Fernanda Santos,29,Outros,fernandasantos83@outlook.com,Não,Perda de gordura corporal,Quadrimestral,12/03/2024,3,Tarde (12h às 17h),"MUAY THAI (Ter, Qui, Sex – 20:00 / Sex – 18:00), BIKE INDOOR (Seg, Qua, Qui – 18:00 ou 19:00 / Ter – 19:00)",Não,"Cardio (esteira, bike, escada)",Pendente
13/06/2025 09:08:30,,Rodrigo Santos,24,Feminino,rodrigosantos19@yahoo.com,Sim,Reabilitação física,Anual,04/01/2024,2,Tarde (12h às 17h),"JIU-JITSU (Seg, Qua, Sex – 20:00)",Sim,"Alongamento, Personal / Treino individual",Enviado
09/06/2025 07:33:30,,Juliana Martins,18,Masculino,julianamartins84@outlook.com,Sim,Ganho de massa muscular,Mensal,06/05/2024,4,Manhã (06h às 12h),"BIKE INDOOR (Seg, Qua, Qui – 18:00 ou 19:00 / Ter – 19:00)",Sim,"Personal / Treino individual, Cardio (esteira, bike, escada)",Pendente
11/06/2025 22:55:30,,Daniela Gomes,29,Feminino,danielagomes79@hotmail.com,Não,Manutenção / condicionamento físico,Mensal,15/02/2024,2,Manhã (06h às 12h),JUMP (Qua 07:00),Não,"Treino livre com peso do corpo, Musculação",Pendente
10/06/2025 01:19:30,,Juliana Souza,27,Outros,julianasouza85@yahoo.com,Não,Ganho de massa muscular,Quadrimestral,19/03/2024,5,Tarde (12h às 17h),ABDOMINAL (Seg 19:30 / Qua 07:45 e 19:30),Sim,"Musculação, Alongamento",Enviado
10/06/2025 04:38:30,,Larissa Almeida,44,Feminino,larissaalmeida17@gmail.com,Não,Perda de gordura corporal,Quadrimestral,04/02/2024,5,Noite (17h às 22h),"MUAY THAI (Ter, Qui, Sex – 20:00 / Sex – 18:00)",Sim,"Treino livre com peso do corpo, Funcional",Enviado
11/06/2025 09:16:30,,Mariana Gomes,53,Outros,marianagomes16@hotmail.com,Sim,Manutenção / condicionamento físico,Quadrimestral,13/06/2024,3,Manhã (06h às 12h),"BIKE INDOOR (Seg, Qua, Qui – 18:00 ou 19:00 / Ter – 19:00), ABDOMINAL (Seg 19:30 / Qua 07:45 e 19:30), GAP (Qua 06:15)",Sim,"Cardio (esteira, bike, escada)",Pendente
12/06/2025 15:41:30,,Lucas Pereira,51,Masculino,lucaspereira11@yahoo.com,Não,Ganho de massa muscular,Anual,19/05/2024,4,Manhã (06h às 12h),"JUMP (Qua 07:00), MUAY THAI (Ter, Qui, Sex – 20:00 / Sex – 18:00)",Sim,"Cardio (esteira, bike, escada)",Enviado
13/06/2025 03:47:30,,Lucas Souza,42,Feminino,lucassouza65@yahoo.com,Não,Ganho de massa muscular,Mensal,17/01/2024,6,Manhã (06h às 12h),"JIU-JITSU (Seg, Qua, Sex – 20:00), JUMP (Qua 07:00)",Não,"Alongamento, Funcional",Enviado
12/06/2025 04:04:30,,Thiago Oliveira,38,Outros,thiagooliveira53@hotmail.com,Sim,Reabilitação física,Quadrimestral,16/02/2024,5,Noite (17h às 22h),"ALONGAMENTO (Seg, Qua, Sex – 08:30), HIIT (Seg 07:45 e 19:00 / Qua 19:00 / Sex 07:45)",Sim,"Musculação, Outros",Pendente
12/06/2025 10:16:30,,Renata Almeida,55,Feminino,renataalmeida39@yahoo.com,Sim,Perda de gordura corporal,Anual,29/06/2024,3,Tarde (12h às 17h),"GLÚTEO (Ter e Qui – 18:00), JUMP (Qua 07:00)",Não,Treino livre com peso do corpo,Pendente
09/06/2025 13:59:30,,João Lima,40,Outros,joãolima24@outlook.com,Sim,Manutenção / condicionamento físico,Mensal,18/01/2024,5,Tarde (12h às 17h),ABDOMINAL (Seg 19:30 / Qua 07:45 e 19:30),Sim,Alongamento,Pendente
14/06/2025 10:48:30,,Ana Lima,51,Masculino,analima21@hotmail.com,Sim,Manutenção / condicionamento físico,Anual,03/02/2024,2,Tarde (12h às 17h),JUMP (Qua 07:00),Não,"Alongamento, Musculação",Enviado
13/06/2025 10:10:30,,Patrícia Costa,56,Outros,patríciacosta15@hotmail.com,Não,Manutenção / condicionamento físico,Anual,20/02/2024,6,Manhã (06h às 12h),HIIT (Seg 07:45 e 19:00 / Qua 19:00 / Sex 07:45),Sim,"Outros, Treino livre com peso do corpo",Pendente
14/06/2025 21:36:30,,Lucas Costa,56,Masculino,lucascosta59@outlook.com,Sim,Reabilitação física,Anual,26/01/2024,3,Manhã (06h às 12h),"LOCAL (Seg 07:00 / Sex 06:15), GAP (Qua 06:15)",Sim,Personal / Treino individual,Pendente
14/06/2025 15:07:30,,Thiago Costa,23,Masculino,thiagocosta81@hotmail.com,Sim,Perda de gordura corporal,Octomestral,30/01/2024,4,Tarde (12h às 17h),"LOCAL (Seg 07:00 / Sex 06:15), BIKE INDOOR (Seg, Qua, Qui – 18:00 ou 19:00 / Ter – 19:00), GLÚTEO (Ter e Qui – 18:00)",Sim,Funcional,Pendente
14/06/2025 01:27:30,,Carlos Almeida,25,Outros,carlosalmeida41@outlook.com,Não,Ganho de massa muscular,Anual,25/03/2024,2,Tarde (12h às 17h),"LOCAL (Seg 07:00 / Sex 06:15), ABDOMINAL (Seg 19:30 / Qua 07:45 e 19:30), HIIT (Seg 07:45 e 19:00 / Qua 19:00 / Sex 07:45)",Não,"Alongamento, Personal / Treino individual",Enviado
11/06/2025 13:04:30,,Gustavo Gomes,41,Masculino,gustavogomes58@hotmail.com,Sim,Reabilitação física,Octomestral,17/01/2024,6,Manhã (06h às 12h),"ALONGAMENTO (Seg, Qua, Sex – 08:30)",Sim,"Funcional, Alongamento",Pendente
15/06/2025 08:12:30,,Beatriz Gomes,32,Feminino,beatrizgomes90@hotmail.com,Não,Manutenção / condicionamento físico,Quadrimestral,12/02/2024,5,Tarde (12h às 17h),HIIT (Seg 07:45 e 19:00 / Qua 19:00 / Sex 07:45),Sim,"Cardio (esteira, bike, escada), Alongamento",Pendente
15/06/2025 07:23:30,,Ana Souza,41,Outros,anasouza53@hotmail.com,Não,Ganho de massa muscular,Octomestral,26/06/2024,3,Tarde (12h às 17h),"HIIT (Seg 07:45 e 19:00 / Qua 19:00 / Sex 07:45), GLÚTEO (Ter e Qui – 18:00), BIKE INDOOR (Seg, Qua, Qui – 18:00 ou 19:00 / Ter – 19:00)",Não,Outros,Enviado
12/06/2025 17:31:30,,Rafael Santos,21,Feminino,rafaelsantos10@outlook.com,Não,Manutenção / condicionamento físico,Anual,04/04/2024,2,Tarde (12h às 17h),"BIKE INDOOR (Seg, Qua, Qui – 18:00 ou 19:00 / Ter – 19:00)",Sim,Alongamento,Pendente
08/06/2025 22:08:30,,Gustavo Pereira,36,Feminino,gustavopereira59@yahoo.com,Não,Perda de gordura corporal,Octomestral,27/01/2024,3,Noite (17h às 22h),"ALONGAMENTO (Seg, Qua, Sex – 08:30), ABDOMINAL (Seg 19:30 / Qua 07:45 e 19:30)",Não,"Personal / Treino individual, Cardio (esteira, bike, escada)",Pendente
13/06/2025 08:01:30,,Patrícia Lima,59,Outros,patrícialima61@hotmail.com,Sim,Manutenção / condicionamento físico,Quadrimestral,03/01/2024,6,Manhã (06h às 12h),"ALONGAMENTO (Seg, Qua, Sex – 08:30), JUMP (Qua 07:00), STEP (Seg 06:15 / Sex 07:00)",Não,"Outros, Treino livre com peso do corpo",Enviado
09/06/2025 01:21:30,,Rodrigo Lima,24,Masculino,rodrigolima58@gmail.com,Não,Perda de gordura corporal,Anual,03/02/2024,3,Tarde (12h às 17h),"ABDOMINAL (Seg 19:30 / Qua 07:45 e 19:30), JUMP (Qua 07:00), JIU-JITSU (Seg, Qua, Sex – 20:00)",Não,"Alongamento, Funcional",Pendente
09/06/2025 05:19:30,,Mariana Gomes,58,Outros,marianagomes78@gmail.com,Não,Manutenção / condicionamento físico,Mensal,07/04/2024,6,Noite (17h às 22h),"HIIT (Seg 07:45 e 19:00 / Qua 19:00 / Sex 07:45), MUAY THAI (Ter, Qui, Sex – 20:00 / Sex – 18:00), JUMP (Qua 07:00)",Não,Treino livre com peso do corpo,Pendente
11/06/2025 18:55:30,,Camila Almeida,55,Outros,camilaalmeida28@hotmail.com,Não,Perda de gordura corporal,Mensal,24/05/2024,2,Noite (17h às 22h),"JIU-JITSU (Seg, Qua, Sex – 20:00), ALONGAMENTO (Seg, Qua, Sex – 08:30)",Não,Personal / Treino individual,Enviado
13/06/2025 16:03:30,,João Gomes,45,Outros,joãogomes79@gmail.com,Não,Manutenção / condicionamento físico,Quadrimestral,29/05/2024,3,Tarde (12h às 17h),"MUAY THAI (Ter, Qui, Sex – 20:00 / Sex – 18:00), JUMP (Qua 07:00), GLÚTEO (Ter e Qui – 18:00)",Sim,Funcional,Pendente
13/06/2025 03:12:30,,Lucas Santos,24,Masculino,lucassantos90@yahoo.com,Sim,Manutenção / condicionamento físico,Quadrimestral,20/04/2024,3,Noite (17h às 22h),STEP (Seg 06:15 / Sex 07:00),Não,"Alongamento, Outros",Pendente
11/06/2025 17:08:30,,Beatriz Martins,29,Outros,beatrizmartins18@hotmail.com,Não,Manutenção / condicionamento físico,Anual,28/06/2024,3,Tarde (12h às 17h),"LOCAL (Seg 07:00 / Sex 06:15), MUAY THAI (Ter, Qui, Sex – 20:00 / Sex – 18:00), GLÚTEO (Ter e Qui – 18:00)",Sim,Funcional,Pendente
09/06/2025 04:24:30,,Bruno Costa,63,Masculino,brunocosta52@outlook.com,Não,Manutenção / condicionamento físico,Mensal,15/04/2024,2,Manhã (06h às 12h),ABDOMINAL (Seg 19:30 / Qua 07:45 e 19:30),Sim,Alongamento,Pendente
15/06/2025 02:29:30,,Larissa Costa,21,Feminino,larissacosta88@outlook.com,Sim,Manutenção / condicionamento físico,Quadrimestral,03/01/2024,4,Tarde (12h às 17h),GLÚTEO (Ter e Qui – 18:00),Sim,"Alongamento, Cardio (esteira, bike, escada)",Enviado
10/06/2025 17:06:30,,Carlos Silva,56,Outros,carlossilva28@yahoo.com,Não,Perda de gordura corporal,Mensal,03/02/2024,5,Tarde (12h às 17h),"JUMP (Qua 07:00), BIKE INDOOR (Seg, Qua, Qui – 18:00 ou 19:00 / Ter – 19:00), LOCAL (Seg 07:00 / Sex 06:15)",Não,"Musculação, Treino livre com peso do corpo",Enviado
09/06/2025 04:01:30,,Daniela Silva,32,Feminino,danielasilva71@yahoo.com,Não,Manutenção / condicionamento físico,Anual,29/06/2024,2,Noite (17h às 22h),GLÚTEO (Ter e Qui – 18:00),Não,Outros,Pendente
14/06/2025 10:01:30,,Gustavo Almeida,28,Feminino,gustavoalmeida47@yahoo.com,Não,Perda de gordura corporal,Mensal,12/06/2024,5,Tarde (12h às 17h),"JIU-JITSU (Seg, Qua, Sex – 20:00)",Sim,"Funcional, Personal / Treino individual",Pendente
14/06/2025 06:36:30,,Carlos Lima,56,Masculino,carloslima66@gmail.com,Não,Perda de gordura corporal,Anual,12/05/2024,5,Manhã (06h às 12h),LOCAL (Seg 07:00 / Sex 06:15),Sim,Personal / Treino individual,Enviado
12/06/2025 23:23:30,,Juliana Almeida,31,Masculino,julianaalmeida87@yahoo.com,Sim,Manutenção / condicionamento físico,Mensal,26/04/2024,4,Noite (17h às 22h),"ALONGAMENTO (Seg, Qua, Sex – 08:30), GAP (Qua 06:15)",Não,"Musculação, Funcional",Pendente
10/06/2025 10:50:30,,Lucas Pereira,48,Feminino,lucaspereira28@outlook.com,Sim,Reabilitação física,Mensal,28/04/2024,3,Noite (17h às 22h),"GAP (Qua 06:15), ALONGAMENTO (Seg, Qua, Sex – 08:30)",Não,"Funcional, Alongamento",Pendente
12/06/2025 22:51:30,,Mariana Oliveira,37,Masculino,marianaoliveira38@yahoo.com,Não,Perda de gordura corporal,Octomestral,22/04/2024,2,Tarde (12h às 17h),"ALONGAMENTO (Seg, Qua, Sex – 08:30), LOCAL (Seg 07:00 / Sex 06:15), MUAY THAI (Ter, Qui, Sex – 20:00 / Sex – 18:00)",Sim,Musculação,Pendente
11/06/2025 06:50:30,,Mariana Oliveira,37,Outros,marianaoliveira42@gmail.com,Sim,Perda de gordura corporal,Octomestral,30/04/2024,2,Noite (17h às 22h),"STEP (Seg 06:15 / Sex 07:00), ABDOMINAL (Seg 19:30 / Qua 07:45 e 19:30)",Não,"Alongamento, Personal / Treino individual",Enviado
09/06/2025 02:38:30,,Fernanda Silva,46,Outros,fernandasilva20@gmail.com,Sim,Manutenção / condicionamento físico,Anual,12/04/2024,4,Noite (17h às 22h),"GAP (Qua 06:15), STEP (Seg 06:15 / Sex 07:00), JUMP (Qua 07:00)",Sim,"Outros, Funcional",Enviado
10/06/2025 17:39:30,,João Silva,41,Feminino,joãosilva71@hotmail.com,Sim,Perda de gordura corporal,Anual,07/05/2024,2,Noite (17h às 22h),"HIIT (Seg 07:45 e 19:00 / Qua 19:00 / Sex 07:45), MUAY THAI (Ter, Qui, Sex – 20:00 / Sex – 18:00), GAP (Qua 06:15)",Não,Alongamento,Pendente
10/06/2025 21:18:30,,Eduardo Oliveira,47,Feminino,eduardooliveira11@gmail.com,Não,Perda de gordura corporal,Quadrimestral,24/03/2024,6,Manhã (06h às 12h),GAP (Qua 06:15),Não,"Cardio (esteira, bike, escada)",Enviado
14/06/2025 18:47:30,,Ana Pereira,59,Outros,anapereira97@yahoo.com,Sim,Reabilitação física,Anual,15/03/2024,2,Noite (17h às 22h),GLÚTEO (Ter e Qui – 18:00),Sim,"Outros, Alongamento",Pendente
10/06/2025 22:26:30,,Thiago Santos,28,Masculino,thiagosantos45@outlook.com,Sim,Perda de gordura corporal,Quadrimestral,30/04/2024,5,Noite (17h às 22h),"LOCAL (Seg 07:00 / Sex 06:15), BIKE INDOOR (Seg, Qua, Qui – 18:00 ou 19:00 / Ter – 19:00), HIIT (Seg 07:45 e 19:00 / Qua 19:00 / Sex 07:45)",Sim,"Outros, Personal / Treino individual",Pendente
11/06/2025 22:05:30,,Larissa Costa,65,Masculino,larissacosta49@outlook.com,Não,Manutenção / condicionamento físico,Anual,07/06/2024,5,Tarde (12h às 17h),"HIIT (Seg 07:45 e 19:00 / Qua 19:00 / Sex 07:45), GAP (Qua 06:15), STEP (Seg 06:15 / Sex 07:00)",Sim,"Funcional, Personal / Treino individual",Enviado
15/06/2025 03:07:30,,João Pereira,36,Masculino,joãopereira10@yahoo.com,Sim,Perda de gordura corporal,Mensal,09/04/2024,6,Tarde (12h às 17h),"HIIT (Seg 07:45 e 19:00 / Qua 19:00 / Sex 07:45), GAP (Qua 06:15), MUAY THAI (Ter, Qui, Sex – 20:00 / Sex – 18:00)",Não,"Alongamento, Treino livre com peso do corpo",Enviado
14/06/2025 01:03:30,,Rafael Oliveira,23,Outros,rafaeloliveira54@yahoo.com,Sim,Reabilitação física,Octomestral,11/01/2024,2,Manhã (06h às 12h),"ALONGAMENTO (Seg, Qua, Sex – 08:30), GAP (Qua 06:15)",Sim,Musculação,Pendente
10/06/2025 21:13:30,,Eduardo Souza,57,Outros,eduardosouza47@yahoo.com,Não,Ganho de massa muscular,Octomestral,19/05/2024,5,Manhã (06h às 12h),"ALONGAMENTO (Seg, Qua, Sex – 08:30), BIKE INDOOR (Seg, Qua, Qui – 18:00 ou 19:00 / Ter – 19:00), GAP (Qua 06:15)",Não,Musculação,Pendente
10/06/2025 07:21:30,,Juliana Santos,64,Masculino,julianasantos19@gmail.com,Sim,Manutenção / condicionamento físico,Mensal,03/02/2024,2,Manhã (06h às 12h),"MUAY THAI (Ter, Qui, Sex – 20:00 / Sex – 18:00)",Sim,Personal / Treino individual,Enviado
09/06/2025 16:57:30,,Pedro Pereira,50,Masculino,pedropereira44@yahoo.com,Sim,Manutenção / condicionamento físico,Octomestral,11/01/2024,2,Tarde (12h às 17h),"GLÚTEO (Ter e Qui – 18:00), HIIT (Seg 07:45 e 19:00 / Qua 19:00 / Sex 07:45)",Sim,Treino livre com peso do corpo,Pendente
15/06/2025 02:32:30,,Eduardo Costa,47,Feminino,eduardocosta21@hotmail.com,Não,Reabilitação física,Mensal,02/03/2024,6,Noite (17h às 22h),LOCAL (Seg 07:00 / Sex 06:15),Sim,"Outros, Alongamento",Enviado
12/06/2025 20:59:30,,Thiago Gomes,25,Feminino,thiagogomes76@hotmail.com,Não,Perda de gordura corporal,Mensal,16/03/2024,5,Tarde (12h às 17h),"BIKE INDOOR (Seg, Qua, Qui – 18:00 ou 19:00 / Ter – 19:00), LOCAL (Seg 07:00 / Sex 06:15)",Não,"Cardio (esteira, bike, escada)",Enviado
14/06/2025 04:27:30,,Lucas Souza,22,Feminino,lucassouza12@yahoo.com,Não,Reabilitação física,Octomestral,07/06/2024,2,Manhã (06h às 12h),"JUMP (Qua 07:00), LOCAL (Seg 07:00 / Sex 06:15)",Não,Treino livre com peso do corpo,Pendente
13/06/2025 00:24:30,,Juliana Oliveira,51,Outros,julianaoliveira49@gmail.com,Sim,Perda de gordura corporal,Quadrimestral,15/03/2024,6,Tarde (12h às 17h),ABDOMINAL (Seg 19:30 / Qua 07:45 e 19:30),Não,"Cardio (esteira, bike, escada)",Enviado
12/06/2025 07:54:30,,Camila Silva,50,Feminino,camilasilva41@gmail.com,Não,Ganho de massa muscular,Anual,05/01/2024,4,Tarde (12h às 17h),HIIT (Seg 07:45 e 19:00 / Qua 19:00 / Sex 07:45),Não,Personal / Treino individual,Enviado
11/06/2025 04:56:30,,Bruno Souza,26,Masculino,brunosouza92@outlook.com,Não,Ganho de massa muscular,Anual,26/04/2024,6,Noite (17h às 22h),"MUAY THAI (Ter, Qui, Sex – 20:00 / Sex – 18:00)",Sim,"Musculação, Alongamento",Enviado
14/06/2025 18:27:30,,Larissa Oliveira,41,Masculino,larissaoliveira53@hotmail.com,Sim,Reabilitação física,Anual,17/04/2024,5,Noite (17h às 22h),"ABDOMINAL (Seg 19:30 / Qua 07:45 e 19:30), HIIT (Seg 07:45 e 19:00 / Qua 19:00 / Sex 07:45), JIU-JITSU (Seg, Qua, Sex – 20:00)",Não,Funcional,Enviado
11/06/2025 01:08:30,,Juliana Almeida,50,Masculino,julianaalmeida54@yahoo.com,Sim,Manutenção / condicionamento físico,Octomestral,25/04/2024,6,Tarde (12h às 17h),JUMP (Qua 07:00),Sim,Funcional,Pendente